race_code,date,result,selected,rank,odds,p,ev,hit,payout,lead_min
202608010108,2026-08-01,1-2-6,5-4-3,3,481.3,0.026675790991706878,12.83905820430852,False,0,9.559267716666666
202608010608,2026-08-01,4-3-1,2-1-3,9,100.8,0.03458061515046404,3.485726007166775,False,0,8.668549533333334
202608010611,2026-08-01,5-4-6,2-1-3,2,86.1,0.05530180620052669,4.761485513865347,False,0,9.58792085
202608011108,2026-08-01,1-2-3,3-1-6,9,105.2,0.03323384989331264,3.49620100877649,False,0,9.671014716666667
202608011303,2026-08-01,2-6-3,3-1-4,2,189.3,0.055299496126560065,10.46819461675782,False,0,9.59471725
202608011308,2026-08-01,4-6-5,4-3-6,7,435.4,0.02373206608939365,10.332941575321994,False,0,8.703563566666666
202608011603,2026-08-01,5-4-1,3-1-5,3,128.2,0.03884075725247605,4.979385079767429,False,0,9.596729833333335
202608012003,2026-08-01,1-5-6,4-5-3,3,190.9,0.02667512277687425,5.0922809381052945,False,0,9.65500035
202608012008,2026-08-01,1-3-2,1-4-2,10,143.5,0.03129043849854248,4.490177924540846,False,0,8.588516133333334
202608012202,2026-08-01,1-3-4,2-1-6,9,447.0,0.0336613128459145,15.04660684212378,False,0,8.660626033333333
202608012206,2026-08-01,1-2-4,2-1-5,4,109.1,0.05172044128965117,5.642700144700942,False,0,8.671617683333332
202608020504,2026-08-02,3-2-5,2-1-6,9,273.4,0.0336613198391506,9.203004844023774,False,0,9.660692500000001
202608020510,2026-08-02,1-2-4,2-1-5,9,82.6,0.0359433657204746,2.968922008511202,False,0,8.479193983333333
202608021306,2026-08-02,1-3-4,2-1-4,3,180.5,0.04750085866003118,8.573904988135629,False,0,9.474513533333333
202608021601,2026-08-02,3-6-1,4-5-2,3,959.2,0.02728064821274445,26.16759776566448,False,0,8.630773933333334
202608022208,2026-08-02,3-1-6,3-1-5,7,98.6,0.03852412260599571,3.798478488951177,False,0,9.63422885
202608022302,2026-08-02,1-3-2,2-1-3,5,76.8,0.04450335123315493,3.4178573747062986,False,0,9.255354533333334
202608030407,2026-08-03,5-2-1,2-1-3,4,61.1,0.04785851489900697,2.924155260329326,False,0,9.62617575
202608030503,2026-08-03,1-3-2,3-1-6,9,315.3,0.035584858063657576,11.219905747471234,False,0,8.59048105
202608030610,2026-08-03,3-1-4,2-1-3,2,269.9,0.05530181027678606,14.925958593704555,False,0,9.54400185
202608030807,2026-08-03,1-3-2,2-1-5,4,307.8,0.04845701532574685,14.915069317264882,False,0,9.63575835
202608031302,2026-08-03,2-3-1,3-2-6,10,294.1,0.03374032786130415,9.92303042400955,False,0,8.53792675
202608031307,2026-08-03,2-3-5,1-3-6,6,132.8,0.04144236612849187,5.503546221863721,False,0,9.40397825
202608031902,2026-08-03,4-1-5,4-5-2,3,200.3,0.026680512483954276,5.344106650536042,False,0,9.59988995
202608031904,2026-08-03,1-2-4,3-1-2,7,143.5,0.03897446621667933,5.5928359020934835,False,0,9.538779966666668
202608031907,2026-08-03,3-4-5,2-1-4,3,144.5,0.05013608577425732,7.244664394380183,False,0,6.687908983333333
202608032202,2026-08-03,1-4-3,3-1-6,9,129.8,0.03323386009991525,4.313755040968999,False,0,9.652135816666666
202608040404,2026-08-04,2-4-5,6-4-1,10,544.1,0.016272700010814267,8.853976075884043,False,0,9.664756916666667
202608040512,2026-08-04,1-6-4,2-1-5,4,168.5,0.046224562225250634,7.788838734954732,False,0,9.521434133333335
202608040607,2026-08-04,1-6-3,2-1-3,7,113.7,0.03638312255708709,4.136761034740802,False,0,9.661353283333334
202608040611,2026-08-04,4-2-6,4-3-5,8,638.0,0.018895211938313297,12.055145216643883,False,0,8.527539783333333
202608040806,2026-08-04,1-5-3,2-1-5,6,182.3,0.039751252414584284,7.246653315178715,False,0,8.627979016666666
202608040807,2026-08-04,1-3-5,2-1-4,3,242.3,0.055587400796534396,13.468827213000285,False,0,8.549197116666667
202608041002,2026-08-04,1-3-2,4-1-2,10,124.2,0.0334289359614782,4.151873846415593,False,0,9.603651883333333
202608041004,2026-08-04,1-2-4,4-6-1,2,317.9,0.02947269717708748,9.369370432596108,False,0,9.562850749999999
202608041304,2026-08-04,1-2-5,5-6-2,8,400.2,0.01838928476926047,7.35939176465804,False,0,8.577138
202608041907,2026-08-04,6-1-2,1-3-5,8,164.6,0.033808308725156735,5.564847616160798,False,0,8.634589716666666
202608050101,2026-08-05,4-6-3,4-3-6,6,133.0,0.02191752581212272,2.915030933012322,False,0,9.573152633333333
202608050109,2026-08-05,1-6-2,4-1-5,2,158.2,0.029458158991239516,4.660280752414091,False,0,9.5200241
202608050408,2026-08-05,4-1-2,4-3-6,6,268.0,0.025558806292813097,6.84976008647391,False,0,8.539689216666666
202608050411,2026-08-05,1-3-2,2-1-6,9,64.3,0.0336613138081378,2.16442247786326,False,0,9.636441249999999
202608050603,2026-08-05,1-4-6,6-4-1,2,278.2,0.029504090083512634,8.208037861233215,False,0,9.610144
202608050607,2026-08-05,1-2-3,3-2-1,8,71.2,0.03580115958579103,2.5490425625083217,False,0,9.15876775
202608050907,2026-08-05,2-4-1,4-3-6,6,598.4,0.021917540792825266,13.115456410426638,False,0,8.628956383333334
202608051002,2026-08-05,1-2-3,4-1-2,10,116.3,0.03342893525228036,3.887785169840206,False,0,9.65500025
202608051004,2026-08-05,1-2-3,2-1-3,3,175.3,0.05145303375097785,9.019716816546419,False,0,9.536593100000001
202608051006,2026-08-05,1-2-3,1-2-5,10,129.6,0.03212906327893012,4.163926600949344,False,0,9.629623366666667
202608051011,2026-08-05,1-5-6,3-1-2,5,135.8,0.045101483852038146,6.124781507106781,False,0,8.557128733333334
202608051206,2026-08-05,2-1-5,1-4-2,10,116.3,0.031290442221426684,3.6390784303519235,False,0,8.572134400000001
202608051407,2026-08-05,1-3-6,2-1-3,2,146.8,0.0553018160308132,8.118306593323378,False,0,8.596051483333333
202608051907,2026-08-05,1-5-2,3-1-5,5,121.0,0.04275872990625318,5.173806318656634,False,0,8.669131166666666
202608060211,2026-08-06,1-5-6,3-1-5,4,79.8,0.04598869421394568,3.669897798272865,False,0,8.529595966666667
202608060410,2026-08-06,4-2-6,1-2-6,8,80.6,0.03622139773254422,2.919444657243064,False,0,8.546657933333334
202608061207,2026-08-06,2-1-3,1-3-4,4,86.3,0.047856529447316984,4.130018491303455,False,0,8.666305383333334
202608061405,2026-08-06,2-3-4,3-1-5,7,172.4,0.03852401222119319,6.641539706933706,False,0,9.664722566666667
202608061902,2026-08-06,3-1-4,1-3-6,8,144.3,0.03576136227701501,5.160364576573267,False,0,9.529595966666667
202608061906,2026-08-06,1-4-2,2-1-5,4,72.7,0.04845705078735266,3.5228275922405383,False,0,9.638450633333333
202608061911,2026-08-06,3-5-4,3-1-6,9,163.9,0.03323389372095356,5.4470351808642885,False,0,9.554187083333334
202608062405,2026-08-06,4-2-3,1-2-5,6,129.6,0.04472684571494945,5.796599204657448,False,0,9.209141116666666
202608062406,2026-08-06,4-3-6,1-3-5,4,58.1,0.04791735927526553,2.7839985738929274,False,0,8.725757533333333
202608062410,2026-08-06,1-6-5,2-1-3,7,99.5,0.03638312276764402,3.62012071538058,False,0,9.640329333333334
202608070202,2026-08-07,3-5-6,1-4-3,10,341.1,0.03089920335589842,10.539718264696951,False,0,9.375177766666667
202608070206,2026-08-07,1-2-5,3-1-2,6,163.6,0.04193108800797731,6.859925998105088,False,0,9.494351716666667
202608070207,2026-08-07,1-2-5,6-4-1,10,1408.0,0.016272686064566166,22.911941978909162,False,0,8.357649516666667
202608070210,2026-08-07,2-5-4,5-1-4,8,238.5,0.02414895121406209,5.759524864553808,False,0,8.485611116666666
202608070406,2026-08-07,1-3-2,2-1-6,9,111.7,0.0336613373967344,3.759971387215233,False,0,9.623112233333334
202608070410,2026-08-07,1-4-2,2-1-6,9,147.6,0.03596593970879435,5.308572701018046,False,0,8.508934566666666
202608071001,2026-08-07,1-2-3,2-1-6,9,102.4,0.03366131597573151,3.4469187559149064,False,0,9.38914175
202608071006,2026-08-07,2-3-4,2-3-6,9,196.9,0.03630854641853407,7.149152789809359,False,0,9.4425755
202608071007,2026-08-07,2-1-3,2-1-6,10,141.1,0.03341891970048978,4.7154095697391085,False,0,9.496513916666666
202608071206,2026-08-07,2-1-6,3-1-5,2,95.3,0.055293153136333054,5.26943749389254,False,0,8.481419233333334
202608071408,2026-08-07,4-1-2,2-1-5,4,137.5,0.05172045478278138,7.11156253263244,False,0,8.4959192
202608071512,2026-08-07,1-2-3,3-1-5,2,78.8,0.05529314731302593,4.3571000082664435,False,0,9.54788625
202608071707,2026-08-07,2-1-3,6-1-5,10,841.7,0.020363919263057275,17.14031084371531,False,0,8.6053287
202608071901,2026-08-07,2-3-1,3-1-5,2,90.1,0.05529313922452753,4.98191184412993,False,0,9.48221065
202608071905,2026-08-07,1-3-4,2-1-3,4,113.7,0.04785853888661095,5.441515871407665,False,0,9.450791116666666
202608071910,2026-08-07,5-4-1,3-1-4,3,41.0,0.051450859636472404,2.1094852450953687,False,0,8.572987016666668
202608072403,2026-08-07,1-2-4,1-2-5,6,58.9,0.04472674706241024,2.6344054019759633,False,0,9.596952116666667
202608072407,2026-08-07,2-1-3,2-1-4,3,95.5,0.05209342274671375,4.974921872311163,False,0,9.639243783333335
202608080203,2026-08-08,1-2-5,1-4-2,10,217.3,0.03129043896966105,6.7994123881073465,False,0,8.552216766666668
202608080206,2026-08-08,3-1-6,1-4-3,6,123.5,0.04139579942720482,5.112381229259795,False,0,9.6988542
202608080211,2026-08-08,1-4-2,2-1-5,5,118.8,0.04276421962854739,5.0803892918714295,False,0,8.599109466666667
202608080408,2026-08-08,4-6-1,4-3-6,4,252.4,0.03248000185220979,8.197952467497752,False,0,8.600459333333333
202608080506,2026-08-08,3-1-2,1-3-4,3,80.5,0.051495919514462495,4.145421520914231,False,0,9.57941815
202608080512,2026-08-08,1-5-4,3-1-6,9,203.6,0.03323384288497933,6.766410411381792,False,0,8.510566783333333
202608080910,2026-08-08,1-2-3,3-2-5,6,116.0,0.04176290009189461,4.844496410659775,False,0,9.6788397
202608080911,2026-08-08,1-2-3,3-1-2,7,96.4,0.038974487774321886,3.75714062144463,False,0,8.482882333333333
202608080912,2026-08-08,1-2-3,2-1-5,4,53.1,0.04845703304037191,2.5730684544437485,False,0,8.658384100000001
202608081002,2026-08-08,1-2-5,2-1-6,9,89.6,0.03366132122290861,3.0160543815726113,False,0,9.6879741
202608081007,2026-08-08,1-2-5,6-1-5,9,554.4,0.02194084526046957,12.164004612404328,False,0,9.640641433333334
202608081012,2026-08-08,1-3-4,3-2-6,9,181.5,0.03353665610335816,6.086903082759506,False,0,8.305674383333333
202608081504,2026-08-08,2-5-3,3-1-2,6,92.7,0.04193109021668785,3.887012063086964,False,0,9.492882400000001
202608081507,2026-08-08,4-1-5,4-3-5,3,218.5,0.027380230185706036,5.982580295576769,False,0,9.649608216666667
202608081510,2026-08-08,1-3-2,2-1-5,4,49.1,0.04845702718165423,2.379240034619223,False,0,8.662517683333334
202608081512,2026-08-08,1-3-4,2-1-3,5,46.9,0.0445033533482337,2.0872072720321606,False,0,9.604513033333335
202608081910,2026-08-08,1-2-3,2-3-4,4,108.2,0.048297263265983686,5.225763885379435,False,0,8.610417533333333
202608082010,2026-08-08,4-1-6,2-4-1,8,143.6,0.03719345011858983,5.340979437029499,False,0,9.6686102
202608082401,2026-08-08,6-5-3,2-1-4,7,128.2,0.04159902899394915,5.332995517024281,False,0,9.592468533333333
202608082403,2026-08-08,2-3-1,2-3-6,10,519.3,0.03115684486140787,16.179749536529105,False,0,8.571940750000001
202608082407,2026-08-08,1-2-4,2-1-5,4,59.5,0.048457047282223,2.883194313292268,False,0,9.691460000000001
202608090211,2026-08-09,6-1-2,3-1-4,3,65.4,0.05145090320489466,3.3648890696001112,False,0,8.710703800000001
202608090306,2026-08-09,1-2-3,3-1-5,2,56.9,0.0552931410752103,3.146179727179466,False,0,8.658917233333334
202608090504,2026-08-09,5-6-2,1-3-4,3,87.8,0.0514957046673901,4.52132286979685,False,0,8.707433583333334
202608090508,2026-08-09,5-4-1,4-6-2,6,442.8,0.02182785307287655,9.665373340669737,False,0,8.67485345
202608091005,2026-08-09,1-5-2,2-1-4,3,144.4,0.03965797498655526,5.72661158805858,False,0,9.565889449999998
202608091008,2026-08-09,2-4-1,3-1-6,9,132.9,0.03323385260890611,4.416779011723622,False,0,8.503784116666667
202608091009,2026-08-09,1-4-6,2-1-3,5,74.4,0.04450336210573668,3.311050140666809,False,0,8.623038833333334
202608091010,2026-08-09,2-3-1,2-3-4,4,123.5,0.0482973970208676,5.964728532077149,False,0,9.635501183333334
202608091011,2026-08-09,1-3-6,2-1-6,10,65.8,0.03341903326314443,2.1989723887149033,False,0,8.6116695
202608091403,2026-08-09,4-6-3,4-2-5,2,241.9,0.037597290297788646,9.094784523035074,False,0,8.616682266666666
202608091507,2026-08-09,2-1-5,1-5-6,8,172.4,0.03434430411095407,5.920958028728482,False,0,9.640319
202608091605,2026-08-09,3-2-6,2-1-3,5,86.3,0.044503341846690726,3.8406384013694095,False,0,9.622772849999999
202608092002,2026-08-09,1-2-3,3-1-4,3,88.3,0.05145086580924862,4.543111450956653,False,0,8.665315416666665
202608092006,2026-08-09,4-1-6,5-4-1,1,194.6,0.03173583716705872,6.175793912709626,False,0,8.666414216666668
202608092009,2026-08-09,3-1-4,2-1-4,3,139.6,0.05013606040176132,6.99899403208588,False,0,9.562737633333334
202608092303,2026-08-09,4-1-6,4-3-5,3,437.7,0.02737524455461969,11.982144541557037,False,0,9.48877105
202608092305,2026-08-09,3-6-1,1-3-4,5,185.9,0.023628560062578494,4.392549315633342,False,0,8.712044033333333
202608092311,2026-08-09,1-3-5,2-3-1,10,74.7,0.030894910367619554,2.307849804461181,False,0,8.563081216666665
202608092404,2026-08-09,4-3-1,5-6-2,6,1850.0,0.021352037023951245,39.501268494309805,False,0,8.574812549999999
202608100308,2026-08-10,4-1-6,4-2-5,7,161.1,0.020347852037668705,3.278038963268428,False,0,9.680977016666667
202608100502,2026-08-10,1-2-6,1-2-5,6,135.5,0.04472693268163246,6.0604993783611985,False,0,9.563290483333333
202608100804,2026-08-10,1-6-5,2-1-4,3,157.0,0.05558741985004699,8.727224916457377,False,0,8.563290483333333
202608100805,2026-08-10,2-1-5,1-2-4,4,71.9,0.0516889715426023,3.7164370539131055,False,0,9.599055483333332
202608100904,2026-08-10,1-2-3,2-1-6,10,165.5,0.033418894117539684,5.5308269764528175,False,0,9.495760266666668
202608101302,2026-08-10,2-1-3,4-1-2,10,432.4,0.03342893492192233,14.454671460239215,False,0,8.585463866666666
202608101403,2026-08-10,1-4-6,5-4-3,6,177.7,0.021349024618231082,3.793721674659663,False,0,9.584497016666667
202608101501,2026-08-10,3-1-6,1-3-6,8,140.3,0.035761351124274976,5.017317562735779,False,0,9.6554637
202608101601,2026-08-10,5-4-2,5-6-2,10,607.4,0.015847969917976212,9.626056928178752,False,0,8.555002716666667
202608101801,2026-08-10,1-2-4,2-1-6,10,151.8,0.03341893487103884,5.072994313423696,False,0,9.627994616666665
202608102007,2026-08-10,3-1-5,6-4-1,10,763.6,0.01627268841266944,12.425824871914385,False,0,8.594467583333333
202608102008,2026-08-10,3-1-2,2-1-6,9,143.9,0.03596594760079108,5.175499859753836,False,0,8.585199633333334
202608102103,2026-08-10,3-1-5,3-1-6,8,143.3,0.035771198851555455,5.126012795427897,False,0,9.602356033333333
202608102302,2026-08-10,1-3-2,3-1-2,7,75.9,0.038974526927886326,2.958166593826572,False,0,9.56393935
202608102305,2026-08-10,5-4-2,5-6-2,10,200.9,0.01583880248883283,3.1820154200065156,False,0,8.652935883333333
202608102309,2026-08-10,3-1-2,3-2-5,6,64.8,0.04176343304797431,2.706270461508735,False,0,8.598136183333335
202608102406,2026-08-10,4-1-5,4-6-3,7,513.2,0.0202725214318207,10.403857998810384,False,0,8.654341083333332
202608110108,2026-08-11,5-3-1,3-1-5,4,46.6,0.03609409923010491,1.6819850241228889,False,0,9.682323816666667
202608110109,2026-08-11,3-6-1,2-1-3,5,55.0,0.047612325213858296,2.6186778867622063,False,0,9.560473866666666
202608110111,2026-08-11,5-3-1,3-1-2,7,81.6,0.041627182275669,3.3967780736945903,False,0,9.611367116666665
202608110112,2026-08-11,4-2-6,2-1-6,9,210.0,0.03366132735519754,7.068878744591484,False,0,8.570983516666667
202608110410,2026-08-11,2-1-3,3-1-2,6,121.1,0.04193109234851099,5.077855283404681,False,0,8.640757266666666
202608110606,2026-08-11,3-2-6,3-1-4,5,104.4,0.044572562371212536,4.653375511554589,False,0,8.637565666666665
202608110607,2026-08-11,3-5-2,2-3-4,4,332.6,0.048297071307844705,16.06360591698915,False,0,8.667915683333332
202608110706,2026-08-11,6-1-2,2-1-5,3,132.0,0.05209402704206404,6.876411569552453,False,0,9.669543033333333
202608110708,2026-08-11,5-4-1,6-4-1,10,620.1,0.016272695605697843,10.090698545093232,False,0,9.50517095
202608110709,2026-08-11,1-3-4,2-1-3,2,163.6,0.055301826736097265,9.047378854025512,False,0,8.643564483333334
202608110803,2026-08-11,4-6-1,2-3-5,5,198.2,0.04491316860077395,8.901790016673395,False,0,8.644364366666668
202608110805,2026-08-11,2-5-1,1-3-4,5,374.4,0.045124573090124756,16.894640164942707,False,0,8.655833716666667
202608110806,2026-08-11,1-2-3,3-2-1,8,153.3,0.0358010174655459,5.488295977468186,False,0,9.653880566666666
202608110807,2026-08-11,4-2-3,1-4-2,5,187.8,0.045083419384619225,8.46666616043149,False,0,9.618117666666667
202608110809,2026-08-11,3-4-1,2-1-3,2,147.2,0.05911845368557525,8.702236382516677,False,0,9.503025033333333
202608110811,2026-08-11,4-6-2,2-3-1,3,153.9,0.05555339367208982,8.549667286134623,False,0,9.54349105
202608111302,2026-08-11,4-2-5,2-1-6,9,181.8,0.03208752185743438,5.833511473681571,False,0,9.671144766666666
202608111304,2026-08-11,2-1-4,4-3-5,4,471.2,0.025444306886011056,11.989357404688409,False,0,9.547888866666666
202608111305,2026-08-11,1-2-4,4-3-5,5,575.4,0.023610219453109628,13.58532027331928,False,0,9.569244866666667
202608111504,2026-08-11,1-3-5,2-1-5,4,153.1,0.04845701730906814,7.418769350018332,False,0,8.497978033333334
202608111507,2026-08-11,1-4-6,4-6-3,7,221.6,0.020253603434646043,4.488198521117563,False,0,9.648674216666667
202608111606,2026-08-11,4-3-1,5-4-1,1,259.1,0.031735884895894954,8.222767776526384,False,0,8.5234428
202608111904,2026-08-11,1-2-3,1-2-5,6,63.9,0.044726736135891024,2.8580384390834364,False,0,8.583255133333333
202608112106,2026-08-11,2-3-6,1-5-4,3,130.3,0.0494425994102541,6.44237070315611,False,0,8.6227835
202608120104,2026-08-12,1-2-3,1-3-2,2,70.0,0.059483804447364924,4.1638663113155445,False,0,9.532405183333333
202608120109,2026-08-12,1-4-3,3-1-4,4,179.1,0.04662904135117072,8.351261305994676,False,0,9.515150466666666
202608120303,2026-08-12,5-2-1,1-2-5,6,79.4,0.04472672925036977,3.5513023024793604,False,0,9.553622633333333
202608120304,2026-08-12,2-4-3,4-3-6,10,263.5,0.015620682079962027,4.116049728069994,False,0,8.5761392
202608120305,2026-08-12,1-6-2,3-1-2,5,126.5,0.04510148868295036,5.7053383183932205,False,0,9.613846933333333
202608120404,2026-08-12,3-1-6,1-3-4,3,106.5,0.05149573034034925,5.484295281247196,False,0,9.666880716666666
202608120408,2026-08-12,1-4-3,3-1-4,4,65.1,0.044169599735771704,2.8754409427987375,False,0,8.56096835
202608120411,2026-08-12,1-3-6,5-1-6,6,319.8,0.02675907661857823,8.557552702621319,False,0,9.4938369
202608120609,2026-08-12,1-2-3,1-2-6,8,43.4,0.03867422375520876,1.67846131097606,False,0,8.528367716666667
202608120704,2026-08-12,3-2-6,3-1-4,5,126.1,0.04457262178897605,5.620607607589879,False,0,8.549554316666667
202608120708,2026-08-12,4-1-5,4-3-6,6,114.0,0.021917544528888357,2.4986000762932727,False,0,9.62572125
202608120711,2026-08-12,1-2-3,2-1-5,4,214.8,0.04845702184081366,10.408568291406775,False,0,9.614578349999999
202608120712,2026-08-12,1-3-2,2-1-5,4,103.9,0.05172042150627919,5.373751794502408,False,0,9.592771133333335
202608120801,2026-08-12,1-3-2,3-1-2,6,59.1,0.04193109596907614,2.4781277717724,False,0,9.608596716666666
202608121301,2026-08-12,2-1-3,4-3-6,10,523.9,0.015620627379101432,8.18364668391124,False,0,8.5199173
202608121304,2026-08-12,1-3-2,3-1-5,2,98.6,0.05529314105327019,5.45190370785244,False,0,8.663023066666666
202608121306,2026-08-12,6-5-3,3-1-4,2,100.0,0.05529951040610643,5.529951040610643,False,0,8.62258965
202608121601,2026-08-12,1-4-5,4-6-5,1,786.7,0.02926531765603752,23.023025400004716,False,0,8.594558000000001
202608121605,2026-08-12,1-5-6,2-1-5,5,108.9,0.04571287469645145,4.978132054443564,False,0,9.558148916666665
202608121904,2026-08-12,4-5-2,3-1-2,7,89.1,0.03897449795466486,3.4726277677606388,False,0,8.629220383333335
202608121909,2026-08-12,3-1-5,2-1-3,5,63.9,0.04450335295700661,2.843764253952722,False,0,8.672888866666666
202608122304,2026-08-12,3-1-5,2-1-6,8,350.4,0.03623009032002801,12.695023648137814,False,0,9.587627866666667
202608132303,2026-08-13,1-3-2,1-3-6,8,119.7,0.038284055032438515,4.582601387382891,False,0,9.62830545
202608132311,2026-08-13,1-3-2,2-1-5,2,71.3,0.05972666004777803,4.258510861406574,False,0,5.650066716666667
202608140201,2026-08-14,2-1-3,3-1-2,8,81.7,0.036081621695080904,2.94786849248811,False,0,8.538264366666668
202608140402,2026-08-14,4-5-1,2-1-4,3,89.8,0.04750086102212096,4.265577319786463,False,0,9.491872516666666
202608140403,2026-08-14,2-3-1,2-1-6,10,474.0,0.033418921506206296,15.840568793941785,False,0,9.52302635
202608140405,2026-08-14,5-1-6,3-1-4,3,126.4,0.051450885850373246,6.503391971487178,False,0,8.55665745
202608140406,2026-08-14,1-2-3,3-1-4,5,43.7,0.044572659401299196,1.947825215836775,False,0,9.465480666666668
202608140408,2026-08-14,1-6-4,2-1-4,3,97.3,0.039658004801790256,3.858723867214192,False,0,8.607726116666667
202608140409,2026-08-14,1-6-4,3-1-2,7,72.9,0.03897446392730297,2.8412384203003866,False,0,8.53178065
202608140412,2026-08-14,1-2-5,3-1-4,3,83.6,0.05501719459540446,4.599437468175813,False,0,9.535115916666665
202608140703,2026-08-14,2-1-6,1-2-5,6,81.4,0.0447267305431744,3.6407558662143966,False,0,8.394675166666667
202608140710,2026-08-14,1-4-6,4-3-5,3,343.4,0.027380218832219947,9.402367146984329,False,0,9.430658099999999
202608140804,2026-08-14,1-6-2,1-4-2,8,208.4,0.036254470778917615,7.555431710326431,False,0,9.481550499999999
202608140807,2026-08-14,4-5-6,4-3-5,3,321.2,0.027375261477711275,8.792933986640861,False,0,8.451570566666666
202608140810,2026-08-14,3-1-4,3-1-6,9,142.6,0.035584828540197434,5.074396549832154,False,0,8.540698183333335
202608140812,2026-08-14,1-2-3,4-1-2,10,530.6,0.03342892824178084,17.737389325088916,False,0,8.474466183333332
202608141005,2026-08-14,1-3-5,2-1-3,3,82.2,0.05145300851223364,4.229437299705605,False,0,9.594415666666666
202608141203,2026-08-14,2-4-1,2-3-6,9,125.4,0.03630883462681876,4.553127862203073,False,0,9.219864566666667
202608141206,2026-08-14,4-1-2,4-1-5,10,67.6,0.030082490290142483,2.033576343613632,False,0,9.5877417
202608141210,2026-08-14,4-1-3,3-1-4,4,122.9,0.03685549753073111,4.529540646526854,False,0,9.505939933333334
202608141302,2026-08-14,2-4-3,4-3-6,10,725.5,0.015620700177386383,11.332817978693821,False,0,8.606083816666667
202608141312,2026-08-14,1-2-3,2-1-6,9,151.3,0.03366132266643858,5.092958119432157,False,0,8.560942716666666
202608141706,2026-08-14,1-2-5,1-2-5,6,109.9,0.04472673531477868,4.915468211094177,True,7500.0,8.436215283333333
202608141906,2026-08-14,1-4-2,3-1-4,4,154.0,0.046629118463137165,7.180884243323123,False,0,9.455656416666667
202608142203,2026-08-14,3-4-6,1-3-5,7,90.6,0.038468098655914246,3.4852097382258305,False,0,9.547556233333333
202608142205,2026-08-14,2-1-4,1-2-5,6,88.3,0.044726791488949945,3.94937568847428,False,0,9.432557416666667
202608142206,2026-08-14,2-1-3,3-1-5,2,86.8,0.05529315735834782,4.79944605870459,False,0,9.5079298
202608142207,2026-08-14,1-2-4,3-1-4,5,44.8,0.04457269922318196,1.9968569251985517,False,0,9.580527499999999
202608142209,2026-08-14,1-3-4,3-1-6,9,149.8,0.03323385127732268,4.978430921342938,False,0,9.604794450000002
202608150108,2026-08-15,4-2-5,4-2-6,10,222.7,0.016273582828164226,3.624126895832173,False,0,9.612622583333332
202608150408,2026-08-15,4-2-1,2-1-5,4,120.4,0.04845702349539361,5.834225628845391,False,0,8.688642716666667
202608150502,2026-08-15,4-2-5,5-6-3,9,473.4,0.017065680108714353,8.078892963465375,False,0,8.523862466666667
202608150507,2026-08-15,2-1-3,2-1-3,5,50.0,0.04761229352956728,2.380614676478364,True,2870.0,8.5319983
202608150512,2026-08-15,5-1-6,2-1-3,2,114.6,0.05530179964517872,6.337586239337481,False,0,8.502798583333334
202608150601,2026-08-15,1-4-3,3-1-4,1,95.8,0.05941798921794915,5.692243367079528,False,0,8.669239783333333
202608150608,2026-08-15,4-1-5,5-6-3,7,311.2,0.019922342963550877,6.199833130257033,False,0,8.465047016666666
202608150704,2026-08-15,1-2-5,1-5-6,8,122.2,0.034344292052148756,4.196872488772578,False,0,9.478164116666667
202608150705,2026-08-15,5-6-3,4-6-3,2,362.5,0.02806164238235128,10.17234536360234,False,0,8.585431199999999
202608150706,2026-08-15,6-1-3,4-6-2,4,358.2,0.02418175959014645,8.661906285190458,False,0,9.492621750000001
202608150711,2026-08-15,1-2-3,3-1-6,9,137.3,0.03323386620644403,4.5630098301447655,False,0,8.43017895
202608150802,2026-08-15,1-3-2,4-1-2,10,691.6,0.03342895386342272,23.119464491943155,False,0,9.1953553
202608150806,2026-08-15,1-4-3,2-4-1,8,154.1,0.03719345695499471,5.731511716764684,False,0,8.507378033333334
202608150809,2026-08-15,1-4-2,1-3-6,6,124.1,0.04144212207621921,5.142967349658804,False,0,8.479148483333335
202608151002,2026-08-15,1-2-3,1-2-6,6,152.8,0.0419344887660565,6.407589883453434,False,0,9.421388616666666
202608151006,2026-08-15,3-1-2,3-1-5,2,71.8,0.05529315874811148,3.970048798114404,False,0,9.605166583333332
202608151107,2026-08-15,3-1-5,4-5-2,2,115.1,0.028722213051399444,3.3059267222160758,False,0,9.533259166666666
202608151202,2026-08-15,2-1-3,1-2-4,4,65.6,0.051689113085448025,3.39080581840539,False,0,9.39335025
202608151205,2026-08-15,1-6-4,4-6-3,2,822.1,0.028061630729922647,23.06946662306941,False,0,9.434397983333334
202608151207,2026-08-15,3-4-5,2-1-4,3,82.6,0.05013605812876732,4.141238401436181,False,0,8.612995016666668
202608151809,2026-08-15,3-1-6,1-4-3,10,163.4,0.030899176037462877,5.048925364521434,False,0,9.501358383333333
202608151811,2026-08-15,1-3-4,2-1-5,4,129.7,0.04845703735731446,6.284877745243684,False,0,8.567047783333333
202608151904,2026-08-15,1-2-4,4-2-5,2,267.4,0.03762441843823296,10.060769490383493,False,0,8.642478516666667
202608152110,2026-08-15,4-5-6,2-1-5,4,102.0,0.0484570313851512,4.942617201285422,False,0,9.553265000000001
202608152212,2026-08-15,1-5-2,5-4-3,3,211.1,0.026675785975864143,5.6312584195049205,False,0,8.53691935
202608160112,2026-08-16,2-1-4,3-1-6,9,108.2,0.033233863359286187,3.5959040154747655,False,0,8.429668816666666
202608160212,2026-08-16,4-5-6,3-1-5,2,67.1,0.055293144019851095,3.710169963732008,False,0,9.303147950000001
202608160505,2026-08-16,3-1-6,1-3-5,4,93.9,0.047917597232147,4.4994623800986036,False,0,8.523477033333332
202608160506,2026-08-16,3-2-5,1-3-4,3,95.2,0.0514957155107936,4.902392116627551,False,0,9.648942816666667
202608160612,2026-08-16,1-3-5,2-3-4,7,242.3,0.042001270131562664,10.176907752877634,False,0,9.411343016666667
202608160707,2026-08-16,1-2-4,6-4-1,10,587.5,0.01627268975411244,9.560205230541058,False,0,8.578487166666667
202608160903,2026-08-16,4-6-1,5-4-2,6,371.7,0.021348013299639375,7.935056543475955,False,0,9.61098625
202608160912,2026-08-16,1-2-4,3-1-2,6,208.7,0.04193108656841656,8.751017766828536,False,0,8.599588216666666
202608161002,2026-08-16,1-5-4,3-1-2,6,82.1,0.041931088565388394,3.442542371218387,False,0,9.59061505
202608161009,2026-08-16,3-2-4,1-2-3,2,43.1,0.055641155490922044,2.3981338016587403,False,0,9.465728133333332
202608161106,2026-08-16,1-3-4,2-1-4,3,63.8,0.05013607014290244,3.1986812751171754,False,0,9.625187983333332
202608161111,2026-08-16,1-4-3,3-4-1,10,200.8,0.0300857458613195,6.041217768952956,False,0,9.495884983333333
202608161201,2026-08-16,1-2-5,2-1-4,3,138.2,0.052093430694124664,7.199312121928028,False,0,9.439699866666666
202608161210,2026-08-16,1-4-5,2-1-3,2,177.1,0.055301799050108916,9.793948611774288,False,0,9.532828783333334
202608161408,2026-08-16,2-1-5,3-1-2,7,61.6,0.04162720226419161,2.5642356594742033,False,0,8.519219383333333
202608161702,2026-08-16,4-3-6,3-1-5,1,103.9,0.059411216163648285,6.172825359403057,False,0,9.3592161
202608161807,2026-08-16,1-2-3,1-2-5,6,187.2,0.04472684393557266,8.372865184739203,False,0,9.517457866666666
202608162203,2026-08-16,1-3-2,2-1-3,5,42.2,0.044503343055781845,1.878041076953994,False,0,8.43313725
202608162205,2026-08-16,4-3-1,2-1-6,10,192.1,0.03341888053766893,6.419766951286201,False,0,9.542758566666667
202608162211,2026-08-16,1-3-4,2-1-5,4,74.6,0.04845703555740861,3.614894852582682,False,0,9.586971516666667
202608170204,2026-08-17,4-5-6,3-1-2,6,200.9,0.04193110379973755,8.423958753367275,False,0,9.370653766666667
202608170504,2026-08-17,3-2-5,1-2-4,4,119.0,0.05168919147428191,6.151013785439547,False,0,9.459420716666667
202608170505,2026-08-17,2-1-6,3-1-2,7,161.8,0.03897445705036552,6.306067150749142,False,0,8.439323883333333
202608170511,2026-08-17,1-2-3,3-1-2,7,94.3,0.038974492000046136,3.6752945956043503,False,0,8.505942733333333
202608170903,2026-08-17,4-1-6,3-1-5,2,109.4,0.05529314832929626,6.04907042722501,False,0,9.367183366666666
202608170905,2026-08-17,1-2-4,3-1-5,2,145.5,0.05529314969897731,8.045153281201198,False,0,9.400788383333333
202608171107,2026-08-17,1-4-2,1-4-3,6,224.7,0.044297743764698354,9.95370302392772,False,0,9.363654216666667
202608171204,2026-08-17,1-5-2,1-5-6,8,96.2,0.03434428375167154,3.3039200969108022,False,0,8.557340916666668
202608171209,2026-08-17,1-3-2,4-1-2,10,167.0,0.03342893069617111,5.582631426260575,False,0,9.441157266666666
202608171211,2026-08-17,2-3-4,2-1-6,9,104.4,0.033661325387160886,3.5142423704195966,False,0,8.4229027
202608171303,2026-08-17,1-5-3,1-3-4,9,81.6,0.03413912037383673,2.7857522225050766,False,0,8.4285483
202608171305,2026-08-17,4-6-1,4-2-5,3,135.4,0.03190617573611155,4.320096194669504,False,0,9.097782833333333
202608171308,2026-08-17,1-2-4,3-1-2,7,137.9,0.037161807919412274,5.124613312086953,False,0,9.313412699999999
202608171403,2026-08-17,1-3-2,2-1-4,3,117.1,0.05209341167626825,6.100138507291011,False,0,9.602654116666667
202608171506,2026-08-17,1-5-3,2-3-1,10,140.7,0.030894892970469063,4.3469114409449965,False,0,8.487795316666666
202608171507,2026-08-17,1-5-3,2-1-3,5,88.8,0.04450337053332149,3.9518993033589482,False,0,9.422108150000001
202608171712,2026-08-17,1-3-4,2-1-4,3,128.5,0.053449244101237976,6.86822786700908,False,0,8.39382995
202608171808,2026-08-17,1-3-4,1-2-5,6,61.1,0.04472690864348062,2.732814118116666,False,0,8.888445883333333
202608172201,2026-08-17,3-1-2,3-1-5,2,235.4,0.05910927068691115,13.914322319698885,False,0,8.368294316666667
202608172203,2026-08-17,1-3-2,3-1-6,9,120.2,0.03558484390535924,4.277298237424181,False,0,9.353466683333332
202608172204,2026-08-17,2-1-5,2-1-6,10,60.7,0.03341893359172202,2.0285292690175267,False,0,9.448549000000002
202608172207,2026-08-17,1-3-4,2-1-6,9,194.1,0.0320875217065289,6.228187963237259,False,0,9.329477283333334
202608172212,2026-08-17,1-3-4,3-1-6,9,168.7,0.03323384613598436,5.606549843140561,False,0,8.456855783333333
202608172407,2026-08-17,1-2-3,3-1-6,9,143.6,0.03323384961866311,4.772380805240022,False,0,8.347546633333334
202608180503,2026-08-18,2-3-1,3-2-6,10,70.5,0.03374042288532139,2.378699813415158,False,0,8.435642983333333
202608180506,2026-08-18,5-1-6,2-1-3,3,109.5,0.05145301172615802,5.634104784014303,False,0,9.457440483333333
202608180512,2026-08-18,1-4-6,3-1-2,6,190.7,0.04477572876039918,8.538731474608124,False,0,8.417502983333334
202608180903,2026-08-18,2-1-3,3-2-6,10,247.8,0.033740341723267495,8.360856679025686,False,0,9.542498433333332
202608180904,2026-08-18,3-1-4,1-2-6,7,188.5,0.03897762396188842,7.3472821168159665,False,0,8.4143982
202608180906,2026-08-18,1-5-2,1-5-4,3,63.3,0.04944261028480645,3.129717231028248,False,0,9.5215593
202608180907,2026-08-18,3-2-4,2-1-5,4,290.0,0.051720472726304,14.99893709062816,False,0,9.287903533333333
202608180911,2026-08-18,1-5-2,3-1-2,5,134.9,0.0451014836159858,6.084190139796485,False,0,9.409793333333333
202608181010,2026-08-18,1-2-3,3-1-2,6,75.4,0.04477566652288373,3.3760852558254335,False,0,9.53542945
202608181110,2026-08-18,3-1-2,3-1-5,1,120.8,0.05655479487771852,6.831819221228397,False,0,8.3888263
202608181204,2026-08-18,1-4-5,5-6-2,10,451.2,0.015847979704885308,7.150608442844251,False,0,8.508986883333334
202608181301,2026-08-18,2-1-3,1-3-6,8,114.0,0.03576134432605717,4.076793253170517,False,0,8.568170616666666
202608181306,2026-08-18,4-1-6,4-2-6,3,197.4,0.031910607909810054,6.299154001396505,False,0,8.5215593
202608181312,2026-08-18,4-6-1,4-3-5,9,398.4,0.01745267292171033,6.953144892009394,False,0,8.44132335
202608181504,2026-08-18,2-4-3,3-1-5,1,105.1,0.059411202167547444,6.244117347809236,False,0,9.437783983333333
202608181601,2026-08-18,5-4-2,4-6-5,9,884.8,0.016834016699194737,14.894737975447503,False,0,8.577228633333334
202608181605,2026-08-18,4-1-5,4-6-3,7,863.2,0.020258676142200553,17.48728924594752,False,0,8.566144233333334
202608181606,2026-08-18,3-1-6,2-1-3,5,133.6,0.047612289052394535,6.361001817399909,False,0,9.447318216666668
202608181810,2026-08-18,4-5-6,3-1-2,7,130.1,0.038974460942376325,5.07057736860316,False,0,9.564198316666667
202608182005,2026-08-18,1-2-3,2-1-6,10,141.4,0.03341888528294578,4.725430379008533,False,0,8.2385798
202608190908,2026-08-19,5-1-3,6-1-5,9,1279.0,0.02194101985695748,28.062564397048618,False,0,9.5284049
202608191007,2026-08-19,1-2-4,6-4-1,10,710.2,0.01627268358436834,11.556859881618397,False,0,8.5440117
202608191101,2026-08-19,1-3-2,1-3-6,6,201.2,0.04144221197818567,8.338173050010957,False,0,9.6131786
202608191311,2026-08-19,1-3-4,3-1-2,7,44.4,0.03897448171926181,1.7304669883352242,False,0,9.465792633333333
202608191403,2026-08-19,1-4-2,3-1-6,9,129.5,0.03323384876358439,4.303783414884178,False,0,9.602567633333333
202608191406,2026-08-19,1-5-4,3-2-6,9,132.8,0.03353689635853437,4.453699836413365,False,0,9.563423933333333
202608191505,2026-08-19,1-2-4,1-2-6,8,69.1,0.03867434697678459,2.672397376095815,False,0,8.604938516666666
202608191605,2026-08-19,4-5-6,6-4-1,10,1449.0,0.01627268448485251,23.579119818551288,False,0,8.608978683333333
202608191607,2026-08-19,1-2-4,4-6-1,3,621.7,0.02739669195969088,17.032523391339822,False,0,9.57359415
202608191806,2026-08-19,3-1-4,2-3-1,10,88.0,0.030894892414695445,2.7187505324931993,False,0,9.59644255
202608191901,2026-08-19,1-2-6,6-4-1,10,464.4,0.016272697209667182,7.557040584169439,False,0,8.536191516666666
202608191907,2026-08-19,1-4-3,1-3-6,8,142.0,0.035761338546784656,5.078110073643421,False,0,8.5199015
202608192001,2026-08-19,2-4-3,3-1-2,6,72.3,0.0419311040398942,3.0316188220843507,False,0,9.642573633333335
202608192006,2026-08-19,6-1-2,1-3-6,1,108.2,0.05620349948728041,6.08121864452374,False,0,8.615228733333334
202608200209,2026-08-20,2-1-5,4-3-5,3,167.8,0.02738023180112794,4.594402896229268,False,0,9.55736955
202608200402,2026-08-20,2-1-5,5-4-3,7,312.6,0.019815702656589176,6.194388650449777,False,0,9.458383266666667
202608200405,2026-08-20,4-1-6,3-1-4,4,129.6,0.04662904090962009,6.043123701886763,False,0,8.5837108
202608200504,2026-08-20,1-2-3,2-1-5,4,109.0,0.04845702133622148,5.281815325648141,False,0,9.483966299999999
202608201103,2026-08-20,1-3-2,3-1-5,2,111.2,0.05262365750147253,5.851750714163745,False,0,9.46671655
202608201311,2026-08-20,1-2-3,2-1-6,9,102.9,0.03208752104726677,3.3018059157637505,False,0,8.551672483333334
202608201506,2026-08-20,1-3-2,3-1-5,2,62.1,0.055293144174220446,3.43370425321909,False,0,8.6058946
202608201604,2026-08-20,5-1-2,3-1-4,4,347.0,0.04416960231755809,15.326852004192657,False,0,8.893585999999999
202608201605,2026-08-20,1-3-2,4-1-2,10,413.3,0.03343449837789093,13.818478179582321,False,0,8.427146283333334
202608201608,2026-08-20,3-4-2,5-6-3,7,1964.0,0.01992234409358131,39.127483799793694,False,0,9.538441966666666
202608210202,2026-08-21,1-6-3,1-3-2,2,48.8,0.06011913311073832,2.9338136958040297,False,0,9.349148666666668
202608210306,2026-08-21,6-1-2,5-4-1,1,169.7,0.03173590303538044,5.38558274510406,False,0,8.625968199999999
202608210402,2026-08-21,3-1-6,3-1-4,2,115.3,0.059115998062212495,6.816074576573101,False,0,9.393881499999999
202608210410,2026-08-21,1-4-6,3-1-4,4,75.8,0.04972262339692017,3.7689748534865486,False,0,8.61088575
202608210605,2026-08-21,3-4-5,1-2-3,2,85.3,0.05515823925709466,4.704997808630175,False,0,8.592727433333332
202608210608,2026-08-21,5-2-4,4-6-2,3,320.8,0.02631333626073417,8.441318272443523,False,0,9.774507616666666
202608211301,2026-08-21,3-1-2,2-1-3,2,127.6,0.05911843085490779,7.543511777086234,False,0,8.56091275
202608211608,2026-08-21,1-2-3,2-1-3,3,72.9,0.05145302573621583,3.7509255761701343,False,0,8.478163283333334
202608211609,2026-08-21,3-1-4,2-1-5,6,246.7,0.031154842803540285,7.685899719633388,False,0,8.428609233333333
202608211611,2026-08-21,1-2-3,3-1-6,9,139.6,0.03159374120354143,4.410486272014383,False,0,8.589909483333335
202608212302,2026-08-21,2-3-5,2-1-4,3,36.1,0.05209342748083168,1.8805727320580237,False,0,9.02613995
202608212304,2026-08-21,1-3-4,2-1-3,2,51.1,0.05530181136718733,2.8259225608632725,False,0,9.5503844
202608212308,2026-08-21,5-2-4,5-6-1,4,244.3,0.02476907196293496,6.051084280545012,False,0,8.582330616666667
202608212309,2026-08-21,5-1-6,3-1-2,5,154.8,0.045101488038408605,6.981710348345652,False,0,9.5533027
202608212311,2026-08-21,4-1-2,3-1-4,4,86.1,0.046629037105557505,4.014760094788501,False,0,8.481542533333334
202608212405,2026-08-21,1-2-4,4-2-6,10,197.0,0.016273581465513803,3.205895548706219,False,0,9.527008033333335
202608220210,2026-08-22,2-3-4,1-3-6,6,62.5,0.04144210497635564,2.5901315610222277,False,0,8.5978494
202608220410,2026-08-22,5-1-4,3-1-5,5,117.1,0.04275872115933076,5.007046247757632,False,0,8.50516325
202608220412,2026-08-22,1-2-3,2-3-1,10,106.6,0.029366700801242384,3.130490305412438,False,0,9.43205155
202608220705,2026-08-22,2-6-3,1-2-5,7,139.3,0.036387856305800784,5.068828383398049,False,0,8.52991055
202608220803,2026-08-22,4-1-6,4-1-2,10,162.6,0.03342892866389762,5.435543800749753,False,0,8.5570431
202608220804,2026-08-22,6-4-2,5-4-3,6,254.0,0.021351295392695462,5.423229029744648,False,0,9.652215866666667
202608220811,2026-08-22,6-1-2,2-3-1,3,195.0,0.055553302915089434,10.832894068442439,False,0,9.395781733333333
202608221602,2026-08-22,3-5-4,5-4-3,3,77.4,0.02667576445636604,2.0647041689227317,False,0,9.493952049999999
202608221603,2026-08-22,1-2-5,2-1-4,3,159.3,0.052093433158150744,8.298483902093414,False,0,8.491026316666666
202608221606,2026-08-22,1-5-2,5-4-6,8,303.0,0.018400732974785682,5.575422091360061,False,0,9.420223866666667
202608221609,2026-08-22,1-3-5,2-1-3,3,187.9,0.05145302085998362,9.668022619590923,False,0,9.508865616666666
202608221907,2026-08-22,2-3-4,3-1-4,3,50.5,0.05145088585059707,2.598269735455152,False,0,8.502164416666666
202608222006,2026-08-22,3-4-2,1-2-5,4,81.8,0.0484722544684761,3.9650304155213445,False,0,9.417872533333334
202608222007,2026-08-22,1-3-5,2-1-3,5,86.6,0.04450334020606326,3.853989261845078,False,0,9.611010566666666
202608222109,2026-08-22,2-1-5,3-1-2,7,84.0,0.03897446171417959,3.273854783991086,False,0,8.4284055
202608240802,2026-08-24,2-4-1,1-2-6,8,104.2,0.03867420715804809,4.029852385868611,False,0,9.5932822
202608240806,2026-08-24,1-3-4,2-1-3,2,207.3,0.052631923726828005,10.910597788571446,False,0,9.576649816666666
202608240807,2026-08-24,1-3-4,2-1-3,9,145.4,0.03458060688725702,5.02802024140717,False,0,8.591683233333333
202608241003,2026-08-24,1-4-2,1-6-4,7,91.0,0.02958133884296063,2.6919018347094172,False,0,9.529515083333333
202608241010,2026-08-24,1-4-3,2-1-5,9,277.0,0.03594341635055069,9.956326329102541,False,0,8.5532069
202608241301,2026-08-24,1-4-5,4-6-2,2,694.5,0.02833784032920649,19.68063010863391,False,0,9.512901783333332
202608241303,2026-08-24,4-6-3,6-5-4,9,385.5,0.016660092002841978,6.4224654670955825,False,0,9.590791683333332
202608241805,2026-08-24,3-5-6,1-6-4,4,90.1,0.04528059002414101,4.079781161175105,False,0,8.529047183333335
202608241806,2026-08-24,4-1-5,4-3-6,8,216.0,0.01888852807370827,4.0799220639209866,False,0,8.477811216666668
202608241808,2026-08-24,4-6-5,6-4-1,6,446.2,0.021914263084217834,9.778144188177997,False,0,9.586443833333334
202608242003,2026-08-24,3-1-6,1-4-3,10,121.1,0.03089917400625293,3.74188997215723,False,0,8.607600516666668
202608242205,2026-08-24,1-6-5,2-1-3,2,107.2,0.05530180039556158,5.928353002404202,False,0,8.481480549999999
202608250101,2026-08-25,1-2-4,2-1-4,3,66.4,0.05013605668691591,3.3290341640112167,False,0,8.354854983333333
202608250309,2026-08-25,1-2-3,4-3-6,6,533.2,0.021917523345285732,11.686423447706353,False,0,9.176681466666668
202608250310,2026-08-25,1-2-5,6-4-1,10,1056.0,0.016272697707162657,17.183968778763766,False,0,9.36882535
202608250608,2026-08-25,1-4-2,4-6-5,1,318.4,0.029265422769017696,9.318110609655234,False,0,8.398781516666666
202608250903,2026-08-25,3-1-2,1-3-2,2,103.5,0.060118905209261886,6.222306689158605,False,0,9.369091433333333
202608251003,2026-08-25,2-5-3,3-1-2,5,205.1,0.045101503146738414,9.250318295396049,False,0,9.317430983333333
202608251005,2026-08-25,1-4-6,4-3-6,6,675.3,0.021052781580257463,14.216943401147864,False,0,9.413632016666666
202608251007,2026-08-25,2-5-1,1-5-4,3,473.1,0.049442599348713194,23.391293751876212,False,0,8.463182733333333
202608251008,2026-08-25,4-2-3,1-2-6,8,115.6,0.036221371261725366,4.187190517855452,False,0,8.367984816666667
202608251302,2026-08-25,1-3-2,1-4-2,10,201.6,0.031290448882005564,6.308154494612322,False,0,8.50839475
202608251303,2026-08-25,5-6-2,1-5-4,3,220.3,0.0494426368529188,10.892212898698013,False,0,9.385030449999999
202608251309,2026-08-25,3-2-6,3-1-4,3,58.5,0.0550172182121361,3.218507265409962,False,0,9.45581145
202608251504,2026-08-25,3-5-1,1-3-4,4,105.2,0.0478565095339493,5.034504802971466,False,0,9.564283016666668
202608251505,2026-08-25,5-1-4,5-6-3,8,807.1,0.01839208020851252,14.844247936290456,False,0,8.4507626
202608251706,2026-08-25,2-3-1,1-3-2,2,37.9,0.06011895549239839,2.278508413161899,False,0,9.333952116666667
202608251806,2026-08-25,2-1-6,1-2-5,6,72.3,0.04190740321558844,3.029905252487044,False,0,9.4762
202608251811,2026-08-25,2-1-3,1-4-2,10,150.0,0.03129044063773608,4.693566095660413,False,0,8.473207616666667
202608252008,2026-08-25,6-3-4,2-1-6,9,83.7,0.0336613152585612,2.8174520871415725,False,0,8.420020433333333
202608252011,2026-08-25,1-3-5,2-1-4,3,94.4,0.05558739410818721,5.247450003812872,False,0,9.11681095
202608252203,2026-08-25,2-3-4,1-3-6,6,137.9,0.04144251462328223,5.71492276655062,False,0,9.451946416666667
202608252204,2026-08-25,2-4-6,1-2-5,6,120.0,0.04472675819752243,5.367210983702691,False,0,8.471875266666666
202608260107,2026-08-26,2-1-4,2-1-3,10,125.6,0.030091516289165423,3.779494445919177,False,0,9.561075716666666
202608260308,2026-08-26,3-5-1,5-6-2,6,528.7,0.021352046658928484,11.288827068575491,False,0,9.3089156
202608260806,2026-08-26,4-6-2,5-4-1,1,367.6,0.03173589531828525,11.66611511900166,False,0,9.250564316666667
202608260808,2026-08-26,2-1-6,2-3-1,3,119.3,0.05555317050014488,6.627493240667285,False,0,8.506986183333334
202608260810,2026-08-26,1-3-4,3-1-6,9,156.5,0.03323384492335629,5.20109673050526,False,0,9.582984083333335
202608260811,2026-08-26,1-3-5,2-1-3,2,83.6,0.05263192317584178,4.400028777500372,False,0,9.229868066666667
202608260910,2026-08-26,1-3-2,2-1-3,5,65.4,0.04450334204342973,2.910518569640305,False,0,8.381889566666667
202608261002,2026-08-26,1-2-4,2-1-6,9,230.6,0.033661341312203615,7.762305306594153,False,0,9.396941183333333
202608261003,2026-08-26,3-2-4,3-1-5,2,120.7,0.0591092387146511,7.134485112858387,False,0,9.1744631
202608261008,2026-08-26,2-3-1,2-3-6,9,226.1,0.03630854890001184,8.209362906292677,False,0,8.477008766666666
202608261301,2026-08-26,2-1-3,2-1-3,5,70.4,0.044503354114963596,3.1330361296934375,True,7690.0,8.387011716666667
202608261406,2026-08-26,3-2-4,1-3-2,2,59.1,0.06011894696101723,3.5530297653961185,False,0,8.315944499999999
202608261407,2026-08-26,2-4-3,1-3-2,2,86.3,0.05948375944522806,5.133448440123181,False,0,8.256882416666667
202608261408,2026-08-26,3-1-2,3-1-5,2,35.2,0.055293141077517836,1.946318565928628,False,0,8.439318583333334
202608261411,2026-08-26,1-4-2,2-1-3,2,107.3,0.05530181020603502,5.933884235107557,False,0,8.2324178
202608261711,2026-08-26,1-3-5,2-1-3,2,139.1,0.05530182800783828,7.692484275890305,False,0,8.233066716666666
202608261810,2026-08-26,2-3-5,3-2-4,3,99.0,0.05192002025972051,5.140082005712331,False,0,8.521269733333334
202608262203,2026-08-26,1-4-3,1-3-6,8,71.2,0.03576134514311415,2.5462077741897278,False,0,9.18283435
202608270403,2026-08-27,4-2-5,2-1-4,3,56.4,0.05013607502101073,2.827674631185005,False,0,9.333512816666666
202608270405,2026-08-27,3-6-4,1-3-6,8,75.7,0.03576134891376037,2.7071341127716604,False,0,8.397166816666667
202608270703,2026-08-27,1-4-2,5-6-2,8,296.6,0.017982216899573474,5.333525532413493,False,0,8.612794583333335
202608270907,2026-08-27,2-3-5,1-2-6,8,74.6,0.03867420708833545,2.8850958487898244,False,0,8.5936982
202608270912,2026-08-27,4-2-5,5-4-1,1,146.1,0.031723527029931614,4.6348072990730085,False,0,8.4454536
202608271104,2026-08-27,3-1-4,3-1-5,2,97.2,0.059109198811193586,5.745414124448017,False,0,8.484229149999999
202608271106,2026-08-27,1-4-3,4-5-1,2,309.9,0.02947132776631095,9.133164474779763,False,0,9.508113983333335
202608271108,2026-08-27,3-1-5,1-3-4,4,120.3,0.05118717072353326,6.157816638041051,False,0,8.3923452
202608271110,2026-08-27,3-5-6,4-1-2,10,197.9,0.033428933800183955,6.615585999056405,False,0,9.62417095
202608271112,2026-08-27,3-1-4,2-1-6,9,96.1,0.0336613181164564,3.2348526709914602,False,0,9.39313155
202608271303,2026-08-27,2-1-5,2-3-4,4,132.1,0.04829720215189824,6.380060404265757,False,0,9.245705516666668
202608271305,2026-08-27,4-5-3,5-6-2,10,675.3,0.015847970086021106,10.702134199090052,False,0,8.257080949999999
202608271405,2026-08-27,6-1-2,1-3-4,4,205.6,0.04785650981662247,9.83929841829758,False,0,8.518983033333333
202608271410,2026-08-27,4-1-3,2-1-3,2,65.1,0.055301844166168956,3.6001500552175987,False,0,8.5629194
202608271501,2026-08-27,1-3-2,3-1-4,3,79.6,0.051450858956084554,4.09548837290433,False,0,9.579090083333334
202608271503,2026-08-27,3-2-1,2-1-3,5,103.5,0.04450334166424723,4.606095862249588,False,0,9.349140949999999
202608271705,2026-08-27,1-5-2,3-1-2,5,212.6,0.045101490878790756,9.588576960830915,False,0,8.380716933333334
202608271708,2026-08-27,1-3-2,2-1-6,10,215.5,0.033418885319538794,7.20176978636061,False,0,9.554211983333333
202608280404,2026-08-28,1-3-4,1-3-4,4,65.2,0.04785651112078959,3.1202445250754813,True,4680.0,9.42014125
202608280407,2026-08-28,1-3-4,2-1-3,2,105.3,0.05530180837480281,5.823280421866736,False,0,9.456775216666667
202608280408,2026-08-28,1-6-4,3-1-4,4,103.5,0.049722652773874686,5.14629456209603,False,0,9.24011735
202608280504,2026-08-28,1-2-6,2-1-4,7,58.0,0.04159899297536016,2.4127415925708893,False,0,9.384623366666666
202608280705,2026-08-28,1-5-2,5-4-1,3,249.6,0.02740137791967887,6.839383928751846,False,0,8.481267716666666
202608280707,2026-08-28,4-1-5,5-4-1,1,408.3,0.03174735345334674,12.962444415001475,False,0,8.489192383333334
202608280711,2026-08-28,1-2-4,6-4-1,10,239.9,0.01627268365959988,3.9038168099380117,False,0,8.508779800000001
202608280910,2026-08-28,3-1-5,2-1-5,4,350.5,0.04845701546740883,16.984183921326796,False,0,8.40375685
202608281001,2026-08-28,1-2-5,5-3-6,10,516.6,0.015843486038268965,8.184744887369748,False,0,9.55513435
202608281003,2026-08-28,3-4-6,3-1-5,2,74.0,0.05529318215369588,4.091695479373495,False,0,9.58204255
202608281005,2026-08-28,1-4-6,4-2-5,5,434.5,0.02360840350819681,10.257851324311515,False,0,9.332669933333333
202608281006,2026-08-28,5-1-3,5-6-2,8,643.4,0.018389307052415923,11.831680157524405,False,0,9.63150355
202608281007,2026-08-28,1-6-3,2-1-3,5,77.4,0.04450335398954107,3.444559598790479,False,0,8.384349483333333
202608281009,2026-08-28,1-3-6,4-2-6,3,602.1,0.03494012971346883,21.037452100479584,False,0,9.449300166666665
202608281103,2026-08-28,1-4-5,1-3-6,8,210.7,0.035761338223332564,7.534913963656171,False,0,9.549298916666666
202608281106,2026-08-28,4-5-2,4-3-5,6,276.0,0.021057853353033146,5.811967525437148,False,0,9.524578933333334
202608281109,2026-08-28,1-3-4,2-1-6,9,175.5,0.03366131617579433,5.9075609888519045,False,0,9.473202766666667
202608281301,2026-08-28,3-4-1,3-1-6,9,136.2,0.035584838193980665,4.846654962020167,False,0,9.47944385
202608281306,2026-08-28,1-3-4,4-6-5,2,347.4,0.029394162147269337,10.211531929961367,False,0,9.290064216666668
202608281307,2026-08-28,5-6-2,4-2-6,3,247.4,0.031910634357226624,7.894690939977867,False,0,9.447843083333334
202608281401,2026-08-28,1-4-5,4-5-2,3,609.0,0.027270513183003327,16.607742528449027,False,0,9.647720966666666
202608281405,2026-08-28,1-3-6,4-1-5,9,333.2,0.032387300632158396,10.791448570635177,False,0,8.35309515
202608281512,2026-08-28,1-4-3,3-1-5,2,62.0,0.055293139693718775,3.428174661010564,False,0,9.56144875
202608281701,2026-08-28,3-6-5,2-1-3,5,162.5,0.0476122974391605,7.736998333863581,False,0,8.480913016666667
202608282303,2026-08-28,1-2-3,1-3-6,8,113.7,0.035761350564771255,4.066065559214492,False,0,9.5318606
202608282306,2026-08-28,1-2-3,2-1-5,4,156.2,0.048457022894148404,7.56898697606598,False,0,9.544981816666667
202608282308,2026-08-28,2-1-3,1-2-4,1,50.7,0.06014956590311961,3.0495829912881645,False,0,8.511437683333334
202608291909,2026-08-29,1-2-3,3-1-4,3,97.3,0.05145086616706,5.006169278054938,False,0,8.461402233333333
202608300103,2026-08-30,2-3-1,2-1-3,2,64.0,0.05530180611138729,3.5393155911287866,False,0,9.631326166666666
202608300501,2026-08-30,1-4-2,3-1-6,9,60.0,0.0332338469189494,1.9940308151369641,False,0,8.631435716666665
202608300509,2026-08-30,6-4-2,3-1-2,7,105.0,0.04162718636894948,4.370854568739695,False,0,8.636985616666667
202608300609,2026-08-30,2-3-1,3-1-2,6,60.2,0.04193109645736672,2.5242520067334766,False,0,9.59540175
202608300802,2026-08-30,2-4-1,3-1-6,9,313.1,0.03558483259560736,11.141611085684666,False,0,9.631042066666668
202608300803,2026-08-30,2-1-4,1-2-4,1,155.5,0.057410889356884424,8.927393294995529,False,0,8.527721116666667
202608300809,2026-08-30,4-1-5,3-1-4,4,90.3,0.04972261281816754,4.489951937480528,False,0,8.434596
202608300901,2026-08-30,1-3-2,2-1-5,4,87.4,0.048457033464477994,4.235144724795377,False,0,8.577794466666667
202608300902,2026-08-30,6-1-3,4-3-5,3,246.2,0.027380242283707473,6.741015650248779,False,0,8.524430316666667
202608301605,2026-08-30,3-5-1,5-6-2,8,328.6,0.0183893048295121,6.042725566977676,False,0,9.538309616666668
202608301706,2026-08-30,4-2-6,4-3-6,7,300.2,0.020345805950626704,6.1078109463781365,False,0,9.678036516666667
202608301907,2026-08-30,4-5-6,3-1-2,6,228.9,0.04193109892249033,9.598028543358037,False,0,8.616457200000001
202608302102,2026-08-30,4-3-1,5-6-2,10,482.2,0.015626928651955106,7.535304995972752,False,0,9.622044883333333
202608302108,2026-08-30,3-6-2,1-3-2,2,55.6,0.06011887950341777,3.342609700390028,False,0,9.5932303
202608302312,2026-08-30,1-4-2,2-1-4,3,80.7,0.0520934153931857,4.203938622230086,False,0,8.576033800000001
202608310412,2026-08-31,3-1-2,2-1-6,10,68.6,0.03341887944735084,2.2925351300882677,False,0,8.3673381
202608310502,2026-08-31,2-4-1,2-1-6,9,108.4,0.03366134481511535,3.6488897779585043,False,0,9.505813033333334
202608310706,2026-08-31,4-1-3,2-1-4,3,257.3,0.03965822401328041,10.20406103861705,False,0,9.353156716666666
202608310711,2026-08-31,6-1-2,3-1-2,7,159.6,0.038974474185747246,6.22032608004526,False,0,9.32358155
202608310810,2026-08-31,1-4-6,2-4-1,9,226.5,0.032376565583035026,7.333292104557433,False,0,9.547871249999998
202608310812,2026-08-31,1-3-2,3-1-5,1,125.3,0.05941120108385753,7.444223495807348,False,0,9.627524766666665
202608311106,2026-08-31,1-3-4,2-1-3,5,75.5,0.044503359653944294,3.360003653872794,False,0,8.512862833333333
202608311604,2026-08-31,5-3-1,2-1-3,5,95.0,0.04450336541598997,4.227819714519047,False,0,9.495948366666665
202608311609,2026-08-31,1-3-2,1-2-4,5,168.8,0.04211745524863934,7.109426445970322,False,0,9.514835799999998
202608311612,2026-08-31,1-3-2,2-1-5,4,85.2,0.04845702430586154,4.128538470859403,False,0,9.33093105
202608311903,2026-08-31,1-4-2,5-6-1,4,561.4,0.024769059786457662,13.905350164117332,False,0,8.430942916666668
202608312001,2026-08-31,1-3-4,3-1-6,9,65.8,0.033233843336520866,2.186786891543073,False,0,9.472403766666668
202608312008,2026-08-31,2-1-5,3-1-5,2,47.3,0.059109231027235996,2.7958666275882624,False,0,8.52686805
202609010604,2026-09-01,1-2-3,3-1-4,3,327.9,0.05145086986483245,16.87074022867856,False,0,8.55781105
202609010605,2026-09-01,3-1-2,2-1-3,5,145.2,0.04450334459492508,6.461885635183122,False,0,9.590059866666667
202609010609,2026-09-01,2-1-3,2-1-6,9,334.4,0.033661315780410234,11.256343996969182,False,0,9.546784883333334
202609010801,2026-09-01,4-1-5,2-1-6,10,204.1,0.03341890100213207,6.820797694535156,False,0,9.557708183333334
202609010802,2026-09-01,4-2-3,5-1-4,8,288.0,0.024148859694304702,6.954871591959754,False,0,8.607223466666666
202609010806,2026-09-01,1-4-2,5-6-2,10,512.1,0.01583880644963857,8.111052782859913,False,0,9.544854666666668
202609010808,2026-09-01,3-4-5,1-3-6,8,247.6,0.034000888088542104,8.418619890723026,False,0,9.52356065
202609011303,2026-09-01,2-4-1,3-1-2,6,139.0,0.0419310862631884,5.828420990583187,False,0,8.6374534
202609011309,2026-09-01,4-3-1,5-6-2,10,121.6,0.01583088942874533,1.9250361545354322,False,0,8.320186916666666
202609011606,2026-09-01,3-5-1,4-5-6,4,356.5,0.02477433795615054,8.832051481367667,False,0,8.620343100000001
202609011903,2026-09-01,2-3-5,2-1-6,10,180.4,0.033418920992390286,6.028773347027208,False,0,8.580574916666666
202609011907,2026-09-01,1-5-3,4-3-5,8,719.5,0.018895209116159183,13.595102959076533,False,0,8.502443183333334
202609011908,2026-09-01,1-2-6,1-2-5,6,103.6,0.04472671919564129,4.633688108668438,False,0,9.611960916666668
202609011911,2026-09-01,1-3-2,2-1-5,9,171.1,0.03594340541535382,6.149916666567038,False,0,9.669423066666667
202609012008,2026-09-01,3-2-1,3-2-5,5,145.8,0.048569084416873076,7.081372507980095,False,0,9.455630600000001
202609012110,2026-09-01,5-1-4,5-6-3,8,743.7,0.018392080199477003,13.678190044351048,False,0,8.646582633333333
202609020603,2026-09-02,2-1-3,1-2-5,6,162.1,0.04475049664892212,7.254055506790275,False,0,9.455715833333333
202609020605,2026-09-02,3-2-6,5-4-1,1,480.0,0.03173582799883503,15.233197439440815,False,0,9.528359066666667
202609020608,2026-09-02,1-5-2,4-3-6,10,195.4,0.02365421233081375,4.622033089441007,False,0,8.504488516666667
202609020802,2026-09-02,1-2-5,1-2-6,8,196.8,0.036221379679785316,7.128367520981751,False,0,9.5444547
202609020804,2026-09-02,4-2-5,4-6-5,1,388.9,0.029265322901498775,11.381284076392873,False,0,8.538135283333334
202609020809,2026-09-02,4-2-1,3-1-4,4,115.8,0.04416959932248144,5.114839601543351,False,0,9.503193549999999
202609021209,2026-09-02,1-2-3,1-3-6,6,99.9,0.041442210890380214,4.140076867948983,False,0,8.489932666666666
202609021301,2026-09-02,3-2-6,1-3-6,8,105.8,0.03400088907413559,3.597294064043546,False,0,9.699970433333334
202609021306,2026-09-02,4-6-5,4-3-6,6,268.7,0.025558596517496927,6.867594884251424,False,0,8.573077416666667
202609021307,2026-09-02,1-5-4,5-4-2,5,520.5,0.022997009296195085,11.969943338669541,False,0,8.476858983333333
202609021603,2026-09-02,5-4-6,4-5-3,3,74.3,0.026675088802702963,1.9819590980408301,False,0,9.435830416666667
202609021610,2026-09-02,1-4-3,3-1-2,6,92.9,0.04193108780732829,3.8953980573007985,False,0,8.427432233333333
202609021701,2026-09-02,1-4-5,4-2-5,4,212.4,0.029658672331679688,6.299502003248766,False,0,9.63425185
202609021703,2026-09-02,1-4-5,2-1-3,2,144.5,0.05530182919510376,7.991114318692494,False,0,9.584751316666665
202609021708,2026-09-02,3-5-2,1-3-4,4,44.4,0.04785651357025566,2.124829202519351,False,0,8.621245216666667
202609021904,2026-09-02,1-3-2,3-1-4,2,82.8,0.055299494964808,4.578798183086103,False,0,8.540009866666667
202609022111,2026-09-02,1-4-2,2-1-6,9,136.8,0.03366132235150707,4.604868897686167,False,0,8.486801283333334
202609022203,2026-09-02,1-5-2,1-2-6,8,125.4,0.03869425373481088,4.852259418345284,False,0,9.61901415
202609022204,2026-09-02,3-1-2,1-3-6,8,207.3,0.035761341177126205,7.413326026018263,False,0,9.223086283333334
202609022205,2026-09-02,1-2-3,1-2-5,6,78.9,0.04472676092386296,3.528941436892788,False,0,8.285765133333333
202609022403,2026-09-02,1-3-4,5-4-1,2,246.8,0.029476041468787968,7.274687034496871,False,0,9.56406025
202609030204,2026-09-03,1-2-3,2-1-4,7,72.2,0.041599047585907926,3.0034512357025522,False,0,9.5605677
202609030209,2026-09-03,2-5-3,3-1-4,4,260.8,0.04662904233537677,12.160854241066263,False,0,9.535637083333334
202609030609,2026-09-03,1-3-6,6-4-1,6,326.6,0.02193456274767962,7.163828193392165,False,0,8.611393233333333
202609030801,2026-09-03,4-1-5,5-6-4,7,622.1,0.01874873552211087,11.663588368305174,False,0,9.626388083333334
202609030806,2026-09-03,1-3-5,3-1-2,6,157.8,0.041931103666095954,6.616728158509942,False,0,8.5211858
202609030906,2026-09-03,3-1-4,3-1-5,2,37.8,0.055293147335150415,2.0900809692686857,False,0,8.645588633333334
202609031003,2026-09-03,1-3-4,2-1-3,3,73.1,0.05501951764767573,4.021926740045095,False,0,9.664617316666666
202609031006,2026-09-03,4-1-5,4-3-5,3,121.8,0.02738024046169929,3.3349132882349735,False,0,9.510721383333333
202609031302,2026-09-03,5-3-2,2-1-4,3,124.8,0.052093418318255216,6.501258606118251,False,0,8.511543233333333
202609031304,2026-09-03,1-2-6,4-5-3,5,298.6,0.02299925023526801,6.867576120251028,False,0,9.511753416666666
202609031308,2026-09-03,2-1-3,1-3-2,1,40.3,0.05915861978768189,2.38409237744358,False,0,9.1840931
202609031608,2026-09-03,4-2-3,2-1-5,2,140.8,0.05598791545716812,7.883098496369272,False,0,8.500077966666668
202609031612,2026-09-03,1-3-2,2-1-5,2,60.9,0.05598791925395554,3.4096642825658923,False,0,9.4207517
202609031705,2026-09-03,3-6-2,1-3-2,1,35.9,0.05852398679798849,2.1010111260477866,False,0,9.458414183333334
202609031706,2026-09-03,4-6-2,2-3-5,8,100.1,0.03905452186089845,3.9093576382759347,False,0,8.639273516666666
202609031807,2026-09-03,5-3-6,1-3-6,6,49.6,0.04144215307626277,2.0555307925826334,False,0,9.465915716666666
202609031908,2026-09-03,1-4-2,3-1-2,6,127.5,0.04193113457354463,5.34621965812694,False,0,9.6224565
202609031909,2026-09-03,1-2-5,3-1-2,7,104.7,0.03897445728406287,4.0806256776413825,False,0,9.500346866666666
202609032005,2026-09-03,1-2-4,1-2-6,7,131.0,0.03897762778999338,5.106069240489132,False,0,8.513230766666666
202609032007,2026-09-03,3-4-2,1-2-5,7,174.9,0.039002511191300625,6.821539207358479,False,0,9.436656866666668
202609032009,2026-09-03,1-2-5,2-1-5,4,100.4,0.04622456565194187,4.640946391454964,False,0,8.946749483333333
202609032207,2026-09-03,1-2-3,2-1-5,4,67.7,0.04845702797635586,3.2805407939992914,False,0,7.537327483333333
202609032208,2026-09-03,1-2-3,2-1-6,9,128.9,0.033661322010915505,4.338944407207009,False,0,9.373715533333332
202609032210,2026-09-03,4-6-1,2-1-3,5,64.2,0.047612297784163204,3.0567095177432777,False,0,9.6016444
202609040203,2026-09-04,1-2-4,1-3-6,6,202.0,0.04144233450002672,8.371351569005396,False,0,8.592187416666667
202609040204,2026-09-04,5-6-4,1-3-2,5,123.2,0.044528029976289484,5.485853293078865,False,0,9.597803449999999
202609040205,2026-09-04,4-6-1,3-1-4,4,167.8,0.03685544837302857,6.184344236994195,False,0,9.66797605
202609040210,2026-09-04,1-2-4,3-1-2,7,230.2,0.037161809630747084,8.554648576997979,False,0,8.577629116666666
202609040602,2026-09-04,1-2-5,4-6-3,5,404.5,0.022451125848665997,9.081480405785396,False,0,9.56154085
202609040604,2026-09-04,1-3-4,4-6-5,6,107.3,0.02193541722355676,2.3536702680876402,False,0,9.546612216666666
202609040611,2026-09-04,1-3-2,2-1-5,4,97.6,0.04622456194891942,4.511517246214535,False,0,8.570792016666667
202609040702,2026-09-04,5-4-6,1-3-4,2,90.3,0.04265743762568008,3.8519666175989107,False,0,9.567987266666668
202609040704,2026-09-04,2-5-4,1-2-6,7,92.0,0.04163056927923824,3.8300123736899185,False,0,8.585218950000002
202609040706,2026-09-04,6-3-4,6-5-4,9,288.2,0.01666007167900929,4.8014326578904765,False,0,9.709811766666666
202609040707,2026-09-04,1-4-3,4-6-1,2,241.0,0.02947268710400434,7.1029175920650465,False,0,9.57687325
202609041008,2026-09-04,4-5-1,3-2-5,5,66.7,0.04856891472787693,3.2395466123493915,False,0,9.619578483333333
202609041305,2026-09-04,2-5-4,4-6-2,3,353.1,0.026313337061508624,9.291239316418695,False,0,8.514191616666666
202609041708,2026-09-04,6-2-4,2-1-3,3,141.0,0.024340677603777637,3.4320355421326467,False,0,9.6273011
202609041711,2026-09-04,3-1-2,3-1-4,3,65.0,0.05501720363680964,3.5761182363926265,False,0,8.629116016666668
202609042002,2026-09-04,4-3-5,4-2-5,7,260.6,0.020342321772594985,5.301209053938253,False,0,8.5679843
202609042004,2026-09-04,4-1-6,4-2-5,3,215.8,0.031906156447328596,6.885348561333512,False,0,8.62601525
202609042009,2026-09-04,1-2-6,3-1-2,7,66.5,0.038974462871557494,2.591801780958573,False,0,9.534609016666668
202609042010,2026-09-04,2-1-3,2-1-6,9,63.3,0.03208752139383705,2.031140104229885,False,0,9.6563265
202609042011,2026-09-04,1-3-2,2-1-4,3,54.2,0.04970217311446359,2.6938577828039265,False,0,8.624117233333333
202609042201,2026-09-04,2-3-4,1-3-6,8,243.4,0.035761351761196894,8.704313018675323,False,0,9.602809883333332
202609042206,2026-09-04,2-6-3,1-2-5,6,131.4,0.044727206541323616,5.877154939529923,False,0,8.546689966666666
202609050107,2026-09-05,1-3-6,2-1-3,3,98.5,0.051453010766109565,5.068121560461792,False,0,8.62384045
202609050109,2026-09-05,2-5-4,2-1-5,4,75.5,0.048457017725286496,3.6585048382591303,False,0,9.607247666666666
202609050212,2026-09-05,1-5-6,4-1-6,1,250.3,0.029910639156922613,7.48663298097773,False,0,9.628293016666667
202609050407,2026-09-05,4-6-3,1-2-5,10,249.9,0.032129078012065534,8.029056595215177,False,0,8.676301433333332
202609050703,2026-09-05,1-3-5,3-1-5,2,40.5,0.055293191858457824,2.239374270267542,False,0,8.563767233333333
202609050704,2026-09-05,1-6-4,6-4-3,8,229.1,0.01795205799332726,4.112816486271275,False,0,9.608200049999999
202609050705,2026-09-05,1-2-3,1-4-2,5,103.2,0.04508341099810574,4.652608015004513,False,0,8.618542116666667
202609050711,2026-09-05,1-4-5,3-1-4,4,197.9,0.044169602955620335,8.741164424917265,False,0,9.399334649999998
202609050907,2026-09-05,4-1-5,2-1-5,2,121.2,0.055987924720129444,6.7857364760796886,False,0,9.610434983333333
202609050912,2026-09-05,1-2-4,3-1-2,6,88.9,0.04193112180985682,3.7276767288962716,False,0,8.664948133333333
202609051101,2026-09-05,1-3-6,1-3-4,4,59.6,0.0478565513062732,2.8522504578538825,False,0,8.650034183333334
202609051106,2026-09-05,1-3-2,3-1-5,2,44.3,0.05529317138093191,2.4494874921752836,False,0,9.689543149999999
202609051203,2026-09-05,2-1-4,3-1-2,6,97.6,0.04193109509845124,4.092474881608841,False,0,8.567822150000001
202609052006,2026-09-05,1-5-2,3-1-2,5,177.7,0.04510148726755964,8.014534287445347,False,0,8.61164035
202609052205,2026-09-05,1-3-6,3-1-5,2,79.7,0.05529313960800854,4.406863226758281,False,0,9.593904233333335
202609052208,2026-09-05,1-2-4,3-1-6,9,155.1,0.03323385020752312,5.154570167186836,False,0,8.62541355
202609060107,2026-09-06,2-1-4,2-1-3,5,42.8,0.04450335052970283,1.9047434026712808,False,0,8.62571385
202609060209,2026-09-06,2-5-1,1-2-5,6,76.9,0.04472674109537897,3.439486390234643,False,0,9.624922283333332
202609060210,2026-09-06,1-3-2,3-1-6,8,106.0,0.035771228738235676,3.7917502462529815,False,0,8.596517566666668
202609060305,2026-09-06,2-1-3,1-3-2,2,47.0,0.05948382385942984,2.7957397213932023,False,0,9.58670615
202609060307,2026-09-06,2-1-3,1-3-6,7,107.0,0.038483982655113914,4.117786144097189,False,0,8.621333
202609060410,2026-09-06,2-5-3,1-4-2,10,66.9,0.031290440779422266,2.0933304881433497,False,0,8.663113283333333
202609060703,2026-09-06,1-3-6,2-1-3,5,186.3,0.044503357346948345,8.290975473736477,False,0,8.677931366666666
202609060705,2026-09-06,1-4-3,4-2-5,4,240.7,0.029639686606497684,7.134272566183992,False,0,8.60470945
202609060706,2026-09-06,2-4-3,3-1-2,6,216.3,0.044775691306973966,9.68498202969847,False,0,9.63440445
202609061002,2026-09-06,1-2-3,4-1-2,10,212.6,0.03342892072913851,7.106988547014846,False,0,9.644660083333333
202609061203,2026-09-06,2-3-1,3-1-2,7,96.7,0.04162719905078622,4.025350148211028,False,0,8.573293699999999
202609061407,2026-09-06,1-3-6,3-1-5,2,84.4,0.055293155424005924,4.666742317786101,False,0,9.644101066666668
202609062210,2026-09-06,1-4-5,2-1-3,2,51.8,0.05530180664230633,2.8646335840714676,False,0,8.62394995
202609070104,2026-09-07,1-5-4,3-1-4,4,142.6,0.04662906187177597,6.649304222915253,False,0,8.5983496
202609070110,2026-09-07,1-2-4,2-1-5,4,43.6,0.048457026635838514,2.1127263613225593,False,0,8.552938816666666
202609070301,2026-09-07,2-1-6,3-1-5,2,69.7,0.05529314853943142,3.8539324531983703,False,0,9.554218733333332
202609070702,2026-09-07,1-5-2,1-5-4,3,134.1,0.04944260926401816,6.630253902304835,False,0,9.53925665
202609070709,2026-09-07,1-5-2,3-1-2,5,233.2,0.04815033159242448,11.228657327353389,False,0,9.567807316666666
202609070904,2026-09-07,1-2-4,3-1-2,6,138.5,0.04193110064026409,5.807457438676576,False,0,8.614087716666667
202609071005,2026-09-07,2-1-5,3-1-6,8,226.0,0.035771205178433414,8.08429237032595,False,0,9.606072833333334
202609071405,2026-09-07,2-4-3,3-1-2,7,226.2,0.038974464626686106,8.816023898556397,False,0,9.587654666666667
202609071406,2026-09-07,2-1-4,2-1-6,9,231.2,0.03366131821465026,7.782496771227139,False,0,9.670280783333334
202609080402,2026-09-08,1-2-4,4-3-6,5,424.2,0.030152611553039107,12.790737820799189,False,0,9.530392916666667
202609080409,2026-09-08,3-1-4,2-1-3,2,181.6,0.05911846905273007,10.73591397997578,False,0,9.6177464
202609080712,2026-09-08,1-2-4,2-1-5,4,145.2,0.046224559415226005,6.711806027090815,False,0,9.56106275
202609080906,2026-09-08,1-6-3,2-1-5,4,188.1,0.04845701420644145,9.114764372231637,False,0,8.5902124
202609080912,2026-09-08,1-5-6,2-1-5,4,67.5,0.048457016100431786,3.2708485867791457,False,0,8.688480566666668
202609081012,2026-09-08,1-3-2,2-1-4,3,84.7,0.039658350103920804,3.3590622538020924,False,0,8.578879766666667
202609081301,2026-09-08,3-2-4,1-3-5,7,74.1,0.04117360731294612,3.0509643018893073,False,0,8.64017915
202609081304,2026-09-08,4-5-1,5-4-2,8,424.5,0.018137980880623458,7.699572883824658,False,0,8.549130983333333
202609081402,2026-09-08,1-2-6,3-1-2,7,101.8,0.038974467988409214,3.967600841220058,False,0,9.4028385
202609081405,2026-09-08,1-2-6,1-3-6,7,117.9,0.03848399620969504,4.537263153123045,False,0,9.603426316666665
202609081407,2026-09-08,3-2-1,1-3-6,8,65.7,0.03576135547155669,2.349521054481275,False,0,9.605824616666666
202609081411,2026-09-08,2-3-1,3-1-5,2,53.7,0.055293146809118426,2.9692419836496597,False,0,8.641142383333333
202609081607,2026-09-08,1-2-6,6-5-4,2,546.0,0.026215254058512185,14.313528715947653,False,0,8.650215216666668
202609082401,2026-09-08,3-1-2,2-3-1,3,109.6,0.055553270621803506,6.088638460149664,False,0,8.635571666666667
202609082402,2026-09-08,1-2-3,2-3-1,3,141.3,0.05555322765070135,7.849671067044102,False,0,8.606504900000001
202609082409,2026-09-08,1-3-2,1-3-6,6,30.0,0.04144230038648432,1.2432690115945295,False,0,9.537509016666666
202609090406,2026-09-09,2-5-1,2-1-5,5,215.3,0.04276418423112525,9.207128864961266,False,0,9.580399983333333
202609090504,2026-09-09,4-5-3,1-3-4,3,106.9,0.05149570432522022,5.504890792366042,False,0,8.6639254
202609092106,2026-09-09,1-5-2,2-1-3,5,52.9,0.044503346569426755,2.354227033522675,False,0,9.635354983333334
202609092401,2026-09-09,1-2-3,2-1-5,4,70.8,0.04845701416749846,3.430756603058891,False,0,8.650108483333334
202609092402,2026-09-09,1-3-2,3-2-1,8,53.5,0.03580108187481453,1.9153578803025775,False,0,8.5219058
202609092410,2026-09-09,1-6-2,3-1-4,3,82.4,0.05145086392429043,4.239551187361531,False,0,8.673020933333333
202609092411,2026-09-09,1-2-3,3-1-2,7,81.4,0.03897448915239218,3.172523417004724,False,0,9.584174216666666
